Batch #, Output Node 0 error squared, 
1, 0.0197209
2, 0.122297
3, 0.390806
4, 0.340313
5, 0.391808
6, 0.0767502
7, 0.0835468
